	name_3_letter	name_1_letter	volume	hydrophobicity_value	flexibility	chemical_property	size	polarity	hydrogen_bonding	hydrophobicity_class
0	ALA	A	88.6	0.0	1	AAChemicalProperty.ALIPHATIC	AASize.VERY_SMALL	AAPolarity.NONPOLAR	AAHydrogenBonding.NONE	AAHydrophobicityClass.HYDROPHOBIC
1	CYS	C	108.5	0.49	3	AAChemicalProperty.SULFUR	AASize.SMALL	AAPolarity.NONPOLAR	AAHydrogenBonding.NONE	AAHydrophobicityClass.HYDROPHOBIC
2	ASP	D	111.1	2.95	18	AAChemicalProperty.ACIDIC	AASize.SMALL	AAPolarity.POLAR_ACIDIC	AAHydrogenBonding.ACCEPTOR	AAHydrophobicityClass.HYDROPHILIC
3	GLU	E	138.4	1.64	54	AAChemicalProperty.ACIDIC	AASize.MEDIUM	AAPolarity.POLAR_ACIDIC	AAHydrogenBonding.ACCEPTOR	AAHydrophobicityClass.HYDROPHILIC
4	PHE	F	189.9	-2.2	18	AAChemicalProperty.AROMATIC	AASize.VERY_LARGE	AAPolarity.NONPOLAR	AAHydrogenBonding.NONE	AAHydrophobicityClass.HYDROPHOBIC
5	GLY	G	60.1	1.72	1	AAChemicalProperty.ALIPHATIC	AASize.VERY_SMALL	AAPolarity.NONPOLAR	AAHydrogenBonding.NONE	AAHydrophobicityClass.NEUTRAL
6	HIS	H	153.2	4.76	36	AAChemicalProperty.BASIC	AASize.MEDIUM	AAPolarity.POLAR_BASIC	AAHydrogenBonding.DONOR_ACCEPTOR	AAHydrophobicityClass.NEUTRAL
7	ILE	I	166.7	-1.56	9	AAChemicalProperty.ALIPHATIC	AASize.LARGE	AAPolarity.NONPOLAR	AAHydrogenBonding.NONE	AAHydrophobicityClass.HYDROPHOBIC
8	LYS	K	168.6	5.39	81	AAChemicalProperty.BASIC	AASize.LARGE	AAPolarity.POLAR_BASIC	AAHydrogenBonding.DONOR	AAHydrophobicityClass.HYDROPHILIC
9	LEU	L	166.7	-1.81	9	AAChemicalProperty.ALIPHATIC	AASize.LARGE	AAPolarity.NONPOLAR	AAHydrogenBonding.NONE	AAHydrophobicityClass.HYDROPHOBIC
10	MET	M	162.9	-0.76	27	AAChemicalProperty.SULFUR	AASize.LARGE	AAPolarity.NONPOLAR	AAHydrogenBonding.NONE	AAHydrophobicityClass.HYDROPHOBIC
11	ASN	N	114.1	3.47	36	AAChemicalProperty.AMIDE	AASize.SMALL	AAPolarity.POLAR_NEUTRAL	AAHydrogenBonding.DONOR_ACCEPTOR	AAHydrophobicityClass.HYDROPHILIC
12	PRO	P	112.7	-1.52	2	AAChemicalProperty.ALIPHATIC	AASize.SMALL	AAPolarity.NONPOLAR	AAHydrogenBonding.NONE	AAHydrophobicityClass.NEUTRAL
13	GLN	Q	143.8	3.01	108	AAChemicalProperty.AMIDE	AASize.MEDIUM	AAPolarity.POLAR_NEUTRAL	AAHydrogenBonding.DONOR_ACCEPTOR	AAHydrophobicityClass.HYDROPHILIC
14	ARG	R	173.4	3.71	81	AAChemicalProperty.BASIC	AASize.LARGE	AAPolarity.POLAR_BASIC	AAHydrogenBonding.DONOR	AAHydrophobicityClass.HYDROPHILIC
15	SER	S	89.0	1.83	3	AAChemicalProperty.HYDROXYL	AASize.VERY_SMALL	AAPolarity.POLAR_NEUTRAL	AAHydrogenBonding.DONOR_ACCEPTOR	AAHydrophobicityClass.NEUTRAL
16	THR	T	116.1	1.78	3	AAChemicalProperty.HYDROXYL	AASize.SMALL	AAPolarity.POLAR_NEUTRAL	AAHydrogenBonding.DONOR_ACCEPTOR	AAHydrophobicityClass.NEUTRAL
17	VAL	V	140.0	-0.78	3	AAChemicalProperty.ALIPHATIC	AASize.MEDIUM	AAPolarity.NONPOLAR	AAHydrogenBonding.NONE	AAHydrophobicityClass.HYDROPHOBIC
18	TRP	W	227.8	-0.38	36	AAChemicalProperty.AROMATIC	AASize.VERY_LARGE	AAPolarity.NONPOLAR	AAHydrogenBonding.DONOR	AAHydrophobicityClass.HYDROPHOBIC
19	TYR	Y	193.6	-1.09	18	AAChemicalProperty.AROMATIC	AASize.VERY_LARGE	AAPolarity.POLAR_NEUTRAL	AAHydrogenBonding.DONOR_ACCEPTOR	AAHydrophobicityClass.NEUTRAL
